ayush_term,icd_code,icd_title
Aadhyavata,DA21.3,Severe colicky abdominal pain
Abhishyanda,9D02,Allergic conjunctivitis
Adhmana,DA21.1,Functional gas-related abdominal pain
Adhmana (abdominal distention),DD94.0,Functional abdominal distention/dyspepsia
Adhoga Amlapitta,DA25.2,Acid dyspepsia
Adhoga Raktapitta,MB20.2,Lower GI bleeding / hematochezia
Adhoga Shwasa,CB21,Shortness of breath
Agnimandya,DA61.1,Functional hypochlorhydria
Ajeerna,DA41.0,Functional dyspepsia
Ajirna,DA41.0,Functional dyspepsia
Ajirna (Ajeerna),DA41.0,Functional dyspepsia
Ajirna Shoola,DD90.1,Generalized abdominal pain
Akshepa Vrana,MA20.2,Traumatic wound
Akshepaka,8D40,Seizure disorder
Akshi Daha,9A60.1,Eye irritation
Akshi Kandu,9A40.3,Allergic conjunctivitis
Akshi Kandu-Shotha,9A40.7,Inflammatory allergic conjunctivitis
Akshi Paaka,9A40.4,Eye redness
Akshi Paka-Jwara,9A40.5,Acute conjunctivitis
Akshi Raga,9A40.6,Bloodshot eyes
Akshi Roga,9D00,Conjunctivitis
Akshi Shopha,9A40.2,Conjunctival edema
Akshi Shosha,9B71,Dry eye syndrome
Alasya,5C70,Fatigue syndrome
Alpa Mutrata,MB40.0,Oliguria
Alpabhojana,5B60.0,Under-nutrition
Amavata,FA20,Rheumatoid arthritis
Amlapitta,DA42.0,Gastro-esophageal reflux disease
Amlodgara,DA20.1,Acidic belching
Anaha,ME82.2,Functional constipation
Anga-Shaithilya,8E01.5,Localized muscle weakness
Angamarda,8E01.1,Generalized body ache
Anidra,7B00,Insomnia
Annadrava Shoola,DA45,Acute indigestion-type abdominal pain
Annannatya Jwara,DA41.1,Post-digestive fever
Antarvidradhi,1F90.1,Deep internal abscess
Antrakupita,MG60.0,Intestinal obstruction
Antravriddhi,DA22,Gastrointestinal distension NOS
Antravruddhi,DA22.1,Intestinal bloating
Apasmar,8A60,Epilepsy unspecified
Apasmara,8D40,Epilepsy
Apatanaka,8C40,Epilepsy
Ardhakapala,8A80,Migraine without aura
Ardhavabhedaka,8A80,Migraine without aura
Ardhavabhedaka Pratishaya Overlap,8A80,Migraine without aura (related headache)
Ardita,8B00,Focal or segmental dystonia
Arma,9B80,Pterygium
Arsha,MA06,Hemorrhoids
Arsha (Shushka),MA01.1,Non-bleeding hemorrhoids
Arshas,MA06.1,Haemorrhoids
Artava Kshaya,GA15,Female anovulation
Artava-dushti,GA33,Menstrual disorders NOS
Artava-kshaya,GA34,Oligomenorrhea
Artavakshaya,QA21,Secondary amenorrhea
Ashmari,MB64.2,Calculus of kidney
Ashmari-janya Mutraghata,MB64,Urinary obstruction due to stone
Asrigdara,GA32,Menorrhagia
Asrugdhara,QA20,Excessive menstrual bleeding
Asthivata,FA20,Osteopenia
Atatva Abhinivesha,6A43,Obsessive beliefs / delusional pattern
Atibhojana,5B40.1,Overnutrition
Atinidra,7B01,Hypersomnolence disorder
Atisara,DA61,Acute diarrhea
Atopa,DA54.0,Abdominal bloating
Atyartava,QA20,Menorrhagia
Atyartava Jwara,1A00.6,Severe recurrent fever
Avasada,6A70.1,Depressive episode
Avipaka,DA41.1,Indigestion
Avrana Prameha,5A14,Diabetic neuropathy
Baddha Guda,DA24,Constipation due to obstruction
Bahu Shosha,8B20,Muscle wasting
Bahudosha Prameha,5A11.1,Uncontrolled diabetes mellitus
Bahumutrata,5A10.1,Polyuria
Bahya Vidradhi,1F90.0,Superficial abscess
Balagraha,MB40,Childhood behavioral disorders
Balakshaya,5B55,General wasting disorder
Bandhyatva,QA80,Female infertility
Basti Roga,MB40,Urinary disorders (unspecified)
Bhagandara,MA06.2,Anal fistula
Bhasmaka Roga,5B60.0,Hyperthyroidism
Bhaya,6B02,Phobic anxiety
Bhrama,8A02,Vertigo
Bhrama Shoola,8A02,Vertigo
Chardi,DA05,Nausea and vomiting
Charma Kushtha,EA90.0,Psoriasis vulgaris
Charma Vikara,EA8Z,Skin disease unspecified
Charmadala,EA80.1,Eczema
Charmadala (chronic eczema),1B51,Atopic dermatitis
Chhardi,DA22,Vomiting
Chhardi Vega,DA05.0,Severe vomiting
Chittodvega,6B00,Generalized anxiety disorder (GAD)
Dadru,1F20,Dermatophytosis
Dadru (ringworm/fungal skin),1F32,Tinea corporis
Daha Jwara,1F00.3,Fever with flushing/burning
Danta Kshaya,FA01.3,Tooth decay
Danta Mula Roga,DA07.0,Periodontal disease
Danta Mula Shotha,DA07,Gingivitis
Danta Shotha,FA01.2,Gingival inflammation
Danta Vikara (Yellow Teeth),FA11,Tooth discoloration
Dantaharsha,DA08,Dental sensitivity
Dantashoola,FA01.1,Dental pain
Dantaveshta,FA01.4,Bruxism
Dhatukshaya,5C5Z,Malnutrition unspecified
Dhenkusha,EA90,Abdominal muscle spasm
Dourbalya,5B60,General fatigue
Drishti Manda,9D00.0,Blurred vision
Drishti Mandya,9B80,Blurred vision
Dushta Pratishyaya,CA01.3,Chronic sinusitis
Dushta Vrana,EA31,Chronic ulcer
Dusta Pratishaya,CA02,Chronic rhinosinusitis
Dusta Vrana,NE81,Chronic ulcer
Ekanga Roga,8B1Z,Monoplegia (unspecified)
Ekanga Vata,8B24,Monoplegia
Gala Shoola,DA01.4,Sore throat
Gala Shosha,CA3Z,Throat disorder unspecified
Galaganda,5C73.0,Thyroid enlargement (non-toxic goiter)
Galagraha,CA33,Throat obstruction
Galashotha,DA01.3,Acute tonsillitis
Gambhira Hikka,CA20.1,Severe persistent hiccups
Gambhira Vatarakta,FA80.1,Chronic deep gout
Ganda Mala,1B52,Tuberculous lymphadenitis
Garavisha,T60.9,Toxic effect of unspecified pesticide
Garbha-patanam,JB12,Spontaneous abortion
Garbhashosha,JB11,Intrauterine growth restriction
Garbhasrava,JB10,Threatened abortion
Ghrana Daha,CA21.7,Nasal burning
Ghrana Nasha,CA21.6,Loss of smell
Ghrita Vrana,NE81,Chronic wound
Grahani,DA63,Malabsorption syndrome
Grahani Dosha,DA61.0,Celiac-like malabsorption
Grahani Roga,DA41.0,Functional dyspepsia
Grahanidosha,DA61,Malabsorption syndrome
Gridhrasi,8B12,Sciatica
Grudhrasi,ME84.30,Sciatica
Guda Shoola,DA21,Anal/rectal pain
Gudabhramsha,MA06.0,Rectal prolapse
Gudabhransha,MA07,Rectal prolapse
Gudavidradhi,MA05.0,Perianal abscess
Gulma,DD01,Abdominal lump NOS
Gulma (palpable abdominal mass/herniation),DD44,Abdominal hernia / palpable abdominal mass
Guru Gatrata,8E01.3,General heaviness
Halimaka,DB91,Severe jaundice with anemia
Hikka,CA28,Hiccup
Hrid Shoola,BA40,Angina pectoris (if classical ischemic chest pain)
Hrid Shotha,BA40.1,Cardiac edema
Hridaya Shoola,BA40,Chest pain
Hridroga,BD20,Ischemic heart disease
Hridshula,BA41,Cardiac chest pain / angina
Hrillasa,DA61.3,Queasiness
Hritshoola,BD2Z,Chest pain unspecified
Indralupta,LD80,Alopecia areata
Jalodara,DB61,Ascites
Jihva Kandu,DA05.4,Itching of tongue
Jihva Paaka,DA05.3,Tongue ulcer
Jihva Shotha,DA05.2,Glossitis
Jvara,1A00.0,Acute febrile illness
Jwara,MG30,Fever (unspecified)
Jwara (Samanya),1F00.0,Acute febrile illness
Jwara (Viral),1A07.0,Acute viral infection
Jwara (viral/bacterial fever syndromes),1A00.0,Acute febrile illness
Jwara-apasmara Overlap,8A63,Febrile seizures
Kacha,9D71,Immature cataract
Kaksha,1F41,Herpes zoster
Kamala,DB52.0,Acute viral hepatitis A
Kamala (icterus/jaundice),DB60,Jaundice / hepatic disorder (etiology-specific)
Kampa,8A20.1,Tremors
Kampa Vata,8C40,Parkinsonism unspecified
Kampavata,8A02.3,Parkinsonian tremor
Kandu,EA80.1,Pruritus
Kantha Kandu,DA01.5,Throat itching
Kantha Paaka,DA01.7,Throat ulcer
Kantha Shosha,DA01.6,Dry throat
Kantha Shotha,CA30,Pharyngitis
Kanthaghna Roga,CA31,Laryngitis
Kantharoga (Talu Shotha),DA01.2,Pharyngitis
Kapha Pratishyaya,CA21.3,Allergic rhinitis
Kapha Shoola,DA09.4,Congestive abdominal pain
Kapha Shotha,MG30.4,Fluid retention swelling
Kapha Vriddhi,CA20,Bronchial obstruction
Kaphaja Anaha,DA15.1,Obstructive fecal impaction
Kaphaja Anidra,7B00.3,Fragmented oversleeping pattern
Kaphaja Apasmara,8E40.2,Focal epilepsy
Kaphaja Arsha,MA02.2,Prolapsed hemorrhoids
Kaphaja Artava-dushti,GA33.1,Thick menstrual discharge
Kaphaja Atisara,DA10.2,Mucous diarrhea
Kaphaja Avasada,6A70.2,Atypical depression (lethargy type)
Kaphaja Chhardi,DA22.2,Mucous vomiting
Kaphaja Galaganda,5C73.2,Colloid goiter
Kaphaja Grahani,DA41.3,IBS with heaviness & sluggish digestion
Kaphaja Gulma,DD01.2,Soft congestive mass
Kaphaja Hikka,CA20.3,Congestive hiccups
Kaphaja Hridroga,BA80.3,Congestive cardiac disorder
Kaphaja Jwara,MG30.2,Low-grade fever
Kaphaja Kamala,DB10.2,Chronic cholestatic jaundice
Kaphaja Kasa,CA23.2,Productive cough
Kaphaja Kushtha,EA80.1,Chronic dermatitis
Kaphaja Mutraghata,MB21.2,Obstructive urinary retention
Kaphaja Mutrakrichra,MB20.2,Obstructive difficult urination
Kaphaja Pandu,3A70.2,Anemia with metabolic sluggishness
Kaphaja Parinama Shoola,DA44.3,Ulcer with heaviness
Kaphaja Pleeharoga,DB92.2,Congestive splenopathy
Kaphaja Prameha,5A10.0,Type 2 diabetes with metabolic heaviness
Kaphaja Pratishaya,CA01.1,Allergic rhinitis
Kaphaja Pratishyaya,CA01.2,Rhinitis – chronic congestive type
Kaphaja Pravahika,DA64.1,Chronic dysentery with mucus
Kaphaja Shotha,MG30.2,Congestive-fluid edema
Kaphaja Shwasa,CA23.1,Chronic bronchitis-type cough
Kaphaja Udavarta,DA16.1,Obstructive reverse peristalsis
Kaphaja Unmada,6A40.3,Depressive-psychotic features
Kaphaja Vidradhi,1F01.0,Subcutaneous abscess
Kaphaja Yonivyapad,GA30.2,Vaginal discharge syndrome
Kaphavrita Anaha,DA93,Constipation unspecified
Kaphodara,DB94.3,Chylous ascites
Karna Daha,AB20.1,Ear inflammation burning type
Karna Kandu,H92.0,Itching of ear
Karna Kshveda,BA02.1,Subjective tinnitus
Karna Kshweda,AB21.1,Noise-induced tinnitus
Karna Nada,BA02,Tinnitus
Karna Roga,AB20,External ear infection
Karna Sada,BA0Z,Ear disorder unspecified
Karna Shoola,BA00,Otalgia
Karna Srava,AB22,Otorrhea
Karna Strava,BA01,Otorrhea
Karnapoorna,H61.2,Impacted cerumen
Karnaroga (Karna-Nada),H93.1,Tinnitus
Karnashoola,H92.0,Otalgia (ear pain)
Kasa,CA23,Cough
Kasa Shwasa Samprapti,CA25,Respiratory infection unspecified
Kati Shoola,MG30.1,Low back pain
Kati Shula,ME84.2,Low back pain (lumbago)
Katigraha,ME84.2,Low back pain
Khalitya,LD84,Androgenetic alopecia
Khanja,FA20.1,Limping due to joint disease
Kitibha,EA81,Psoriasis
Klaibya,GA21.1,Erectile dysfunction
Kotha (Udumbara Kotha),EA80.2,Allergic urticaria
Kricha Shwasa,CA40,Dyspnea (shortness of breath)
Krimi,1F6Z,Helminthiasis unspecified
Krimi (parasitic infection),1F6Z,Helminthiasis unspecified
Krimi Janya Shotha,1F6Z,Parasitic edema
Krimigranthi,1F6Z,Helminthiasis unspecified
Krimija Atisara,1F6Z.3,Parasitic diarrhea
Krimija Chardi,1F6Z.2,Parasitic nausea
Krimija Shirashoola,1F6Z.1,Parasitic headache
Krodha,6B21,Impulse-control emotional dysregulation
Kroshtuka Shira,FA00.1,Patellofemoral pain syndrome
Kruchra Mutrata,MB52.0,Dysuria
Kshaya,5B54,Protein-energy malnutrition
Kshaya Jwara,5B60,Malnutrition fever
Kshayaja Kasa,CA23.3,Tubercular cough pattern
Ksheena Shwasa,CA40,Respiratory insufficiency
Kshudra Kushtha,EA80.0,Non-specific dermatitis
Kukkutanda Shoola,ND00.1,Orchitis
Kukshi Shoola,DA20,Abdominal pain
Kumbh Kamala,DB10.4,Severe obstructive jaundice
Kumudvati,GA15,PCOS
Kushta,1B50,Pityriasis rosea
Kushtha,EA80.1,Chronic dermatitis
Kustha,EA82,Chronic skin disease (unspecified)
Kustha (select dermatoses),1B50,Chronic dermatitis
Linganaasha,9D90,Blindness (unspecified)
Linganasha,9B82,Vision loss
Linganastha,9B70,Astigmatism
Madanapal,4A00.0,Food poisoning
Madhumeha,5A11,Type 2 diabetes mellitus
Madhumehajanya Dristi,9D71.3,Diabetic retinopathy
Mahahikka,CA28.1,Intractable hiccups
Mahakushtha,EA80.2,Severe chronic dermatitis
Mahashwasa,CA23.9,Severe respiratory distress
Majjagata Vata,FA24,Bone marrow-related disorder (unspecified)
Mamsa Vriddhi,5B40.0,Localized muscle hypertrophy
Manovaha (mental health presentations),6A00,Mental and behavioural disorders
Mansavrita Srotodushti,FA11.0,Myositis
Manyastambha,FA21,Cervical spondylosis / neck stiffness
Masurika,1A80,Chickenpox
Meda Vriddhi,5B52,Obesity
Moha,6B42,Confusional state
Mootra Kshaya,GB30.1,Oliguria
Mootra Vriddhi,5C70,Polyuria
Mridbhakshana-janya Pandu,3A73,Pica-related anemia
Mritavastha garbha,KA70,Intrauterine fetal death
Mukha Dourgandhya,DA05.1,Halitosis
Mukha Paaka,DA02,Stomatitis
Mukha Shopha,DA02.1,Oral mucosal swelling
Mukha Shosha,DA0Z,Oral dryness
Mukhapaka,DA11,Stomatitis
Mukhapaka Vrana,DA02.2,Recurrent aphthous ulcer
Mukharoga,DA10,Oral inflammatory disorder
Murcha,8B11.0,Syncope
Murchha,8A05,Syncope
Mutra Ashmari,MB64.2,Calculus of kidney
Mutra Daha,MB52.1,Burning micturition
Mutra Granthi,MB63,Prostate enlargement
Mutra Jwara,MG47,Urogenital fever
Mutra Kshaya,MB21,Oliguria
Mutra Puyatha,MB53,Pyuria
Mutra Shmari,MB64.2,Renal calculus
Mutra Vega Dharana,MB40,Urinary retention
Mutra Vidvrita,MB44.1,Chronic cystitis
Mutra Vriddhi,MB40.1,Bladder dysfunction
Mutragata Jwara,MG47,Fever of unknown origin
Mutraghata,MB22,Urinary retention
Mutraghata (Vatakriccha),MB52.2,Obstructive urinary symptoms
Mutrakriccha,MB20,Dysuria
Mutrakricchra,MB44.0,Dysuria
Mutrakrichra,GC30.0,Acute cystitis
Mutrakshaya,MB40,Reduced urine output
Mutrashmari,MB64.2,Calculus of kidney
Mutrasrava (urinary discharge),MB40,Urinary tract infection (site-dependent)
Napumsakata,GA21.3,Hypogonadism
Nasa Shopha,CA21.5,Nasal mucosal edema
Nasa Shosha,CA21.4,Dry nose
Nasagata Roga,CA0Z,Nasal disorder unspecified
Nasagata Roga (Pratishyaya),CA21.0,Acute rhinitis
Netra Abhishyanda,9A00,Conjunctivitis
Netra Daha,9A09,Eye irritation
Netra Shoola,9D00.2,Eye pain
Netra Shotha,9A30,Periorbital swelling
Netra Sukshma Roga,9A40,Dry eye syndrome
Netraabhishyanda,9A40,Conjunctivitis
Nidranasha,7A00,Insomnia
Nilika,EC72.0,Bruising (contusion)
Ojokshaya,5B40,Immunodeficiency unspecified
Oshtha Daha,DA12,Lip inflammation
Oshtha Shosha,DA13,Cheilitis
Paittika Jwara,1E30.1,Viral fever with rash
Paittika Shiroroga,8A80.1,Vascular headache
Pakshaghata,8B20,Hemiplegia
Pakshavadha,8B23,Unilateral paralysis (stroke sequelae)
Pama,1F21,Scabies
Pama (skin infection/exanthem),1F30,Impetigo / superficial skin infection
Pandu,3A00,Iron deficiency anemia
Pandu Pleeha,DB90.1,Splenomegaly associated with anemia
Pandu Roga,5D42,Iron deficiency anemia
Pangu,8E52,Motor impairment (gait abnormality)
Parikartika,MA02.0,Anal fissure
Parinama Shoola,DA25.1,Peptic ulcer-like syndrome
Parshva Shoola,MG30.0,Flank pain
Patalagata Timira,9B71.2,Cortical cataract
Peenasa,CA22,Chronic rhinitis
Phiranga,1A70,Syphilis
Phthisis (Kshaya suspected TB),1A20.0,Tuberculosis of lung (pulmonary TB) [confirm clinically]
Pinasa,CA01,Acute rhinitis
Pitta Shoola,DA09.3,Heat gastritis pain
Pitta Shotha,MG30.3,Heat-related swelling
Pitta Vriddhi,DA64,Acid-related disorder
Pitta-vidagdha Timira,9B71.3,Nuclear cataract
Pittaja Amlapitta,DA25.3,Hyperacidity syndrome
Pittaja Anidra,7B00.2,Short-duration sleep with restlessness
Pittaja Annadrava Shoola,DA45.1,Inflammatory gastric pain
Pittaja Apasmara,8E40.1,Epilepsy with aura
Pittaja Arsha,MA02.1,Bleeding hemorrhoids
Pittaja Artava-dushti,GA33.2,Scanty hot bleeding
Pittaja Atisara,DA10.1,Bloody/inflammatory diarrhea
Pittaja Avasada,6A70.3,Agitated depression
Pittaja Chhardi,DA22.1,Bilious vomiting
Pittaja Grahani,DA41.2,IBS with burning/inflammation
Pittaja Gulma,DD01.1,Inflammatory abdominal mass
Pittaja Hridroga,BA80.2,Inflammatory cardiac condition
Pittaja Jwara,MG30.1,Fever with inflammatory response
Pittaja Kamala,DB10.1,Acute hepatic inflammation
Pittaja Kasa,CA23.1,Inflammatory cough
Pittaja Kushtha,EA61,Contact dermatitis
Pittaja Mutraghata,MB21.1,Inflammatory urinary retention
Pittaja Mutrakrichra,MB20.1,Burning micturition
Pittaja Pandu,3A70.1,Anemia with inflammatory features
Pittaja Parinama Shoola,DA44.2,Ulcer with burning
Pittaja Pleeharoga,DB92.1,Inflammatory splenitis
Pittaja Prameha,5A10.1,Type 2 diabetes with inflammatory pattern
Pittaja Pratishyaya,CA01.1,Rhinitis – infective type
Pittaja Pravahika,DA64.2,Dysentery with abdominal heat
Pittaja Roga,4A00,Hyperacidity disorder
Pittaja Shotha,MG30.1,Inflammatory edema
Pittaja Shwasa,CA40.1,Inflammatory asthma
Pittaja Unmada,6A40.2,Mania-dominant psychosis
Pittaja Vidradhi,1F01.1,Bacterial skin abscess
Pittaja Visuchika,1A07.2,Toxic gastroenteritis
Pittaja Yonivyapad,GA30.1,Vaginal inflammation
Pittasmari,MB64.3,Oxalate calculus
Pleeha Vriddhi,DA01.1,Splenic enlargement
Pleeharoga,DB92,Chronic splenic disorder
Pleehavriddhi,DB91,Splenomegaly
Pleehodara,DB94.2,Splenic ascites
Pliha Granthi,DD19.1,Enlarged spleen
Plihavriddhi,DD19.1,Enlargement of spleen
Plika Shotha,FA80.1,Bursitis
Pradara,GA12,Abnormal vaginal bleeding
Pralapa,6B20,Delirium
Prameha,5A10,Diabetes mellitus unspecified
Prameha Pidaka,5A11.1,Diabetic foot ulcer
Prameha Pidika,DA02.2,Diabetic foot ulcer
Pramehameha,5A21,Diabetic polyuria
Pranavaha Sroto Vikara,CA40,Bronchitis
Pranavrita Shoola,DD90.1,Generalized abdominal pain
Prasava-vyapad,JB20,Obstetric complications unspecified
Pratamak Shwasa,CA22,Acute respiratory distress
Pratamaka,CA42,Acute dyspnea episode
Pratamaka Shwasa,CA23,Cough (acute)
Pratishaya,CA00,Common cold
Pratishyaya,CA01,Acute rhinitis
Pratyayodara,DA25,Indigestion-related abdominal distension
Pravahika,DA62.1,Acute dysentery
Purchase Roga,DB80,Portal hypertension
Putraghni,LA10,Recurrent pregnancy loss
Putraghni Yonivyapad,QA21.0,Recurrent miscarriage
Puyalasa,1F01.3,Suppurative infection
Rajayakshma,1B10,Pulmonary tuberculosis
Rajodosha,MG30,Menstruation disorders
Rajodushti,QA30,Menstrual abnormality
Rakta Pitta,BD72,Upper gastrointestinal bleeding
Raktagulma,DD21.0,Abdominal mass
Raktaja Arsha,MA06.4,Bleeding hemorrhoids
Raktaja Gulma,2B54,Blood-origin abdominal mass
Raktaja Kasa,CA23,Cough
Raktamoksha Vrana,DA00.1,Bleeding wound
Raktapitta,R04.0,Nasal hemorrhage (epistaxis)
Raktapitta Adhoga,BD71,Lower gastrointestinal bleeding
Raktapradara,GA31,Metrorrhagia
Raktarsha,MA01.1,Bleeding hemorrhoids
Raktasrava,MG34,Abnormal uterine bleeding
Raktatisara,DA62,Bloody diarrhea
Raktavrta Vata,BA40,Essential hypertension
Sadhya Vrana,MA20.3,Acute healing wound
Sandhigata Vata,FA32,Osteoarthritis of knee/hip/other joint
Sandhivata,FA03,Osteoarthritis
Sangrahani,DA41.0,Functional bowel disorder
Sannipata,MG50,Systemic inflammatory disorder
Sannipata Anaha,DA15.7,Mixed obstruction
Sannipata Arsha,MA02.7,Mixed hemorrhoids
Sannipata Atisara,DA10.7,Mixed diarrhea
Sannipata Grahani,DA41.7,Mixed-pattern IBS
Sannipata Gulma,DD01.7,Mixed-type abdominal lump
Sannipata Jwara,MG30.3,High fever with systemic involvement
Sannipata Kasa,CA23.7,Mixed-origin cough
Sannipata Mutrakrichra,MB20.7,Mixed-type dysuria
Sannipata Prameha,5A10.7,Mixed-pattern diabetes mellitus
Sannipata Pravahika,DA64.7,Mixed-type dysentery
Sannipata Shotha,MG30.7,Mixed edema
Sannipata Udara,DB94.7,Mixed ascites
Sannipata Unmada,6A40.7,Mixed psychosis
Sannipata Yonivyapad,GA30.7,Mixed-type vaginal disorder
Sannipatika Jwara,1F00.4,Mixed-dosha febrile illness
Sanyasa,MB24,Loss of consciousness
Sarvanga Vata,8B22,Generalized paralysis
Shandatva,GA21.2,Primary impotence
Shandhi Roga,GA30,Sexual dysfunction
Shareera Shaithilya,8E01.4,Body weakness
Sheetada,DA07.2,Chronic gingivitis
Sheetaj Jwara,1F00.2,Cold-induced fever syndrome
Sheetanga,ND82,Peripheral neuropathy
Sheetapitta,T78.3,Allergic urticaria
Shirahshoola,8A80,Migraine without aura
Shirashoola,8A80.0,Primary tension-type headache
Shiro Roga (head disorders - headache cluster),8A80,Migraine without aura (or tension-type per clinical features)
Shiro Roga (Headache),8A80,Migraine without aura
Shirograha,8E02.0,Tension-type headache
Shiroruja (Head Pain),8A80.2,Non-specific headache
Shiroshoola,8A80.0,Headache (unspecified)
Shitada,EA80.4,Chronic eczema
Shleepada,BD70,Lymphedema
Shleshma Shotha,BD24,Lymphadenitis
Shleshmak Roga,CA20,Bronchial hyperreactivity
Shlipada (true lymphatic),1F07,Filarial lymphangitis
Shoka,6A70,Grief reaction
Shoola,DA09.1,Colic pain
Shoola (General Abdominal Pain),DA0Z,Abdominal pain unspecified
Shoola-janya Atisara,DA10.3,Painful diarrhea
Shoola-Visuchika,1A07.1,Food-poisoning with severe cramps
Shopha,MG20,Inflammation (unspecified)
Shotha,MG30,Generalized edema
Shukra Dosha,MB90,Male reproductive disorder NOS
Shukra Kshaya,GA20,Male infertility
Shukra Vriddhi,MB92,Spermatic disorder NOS
Shukra-ksaya,GA21,Male infertility
Shukra-vriddhi,GA20,Testicular swelling
Shukradosha,GA20,Male infertility
Shukradosha-Bahutva,HA40,Abnormal sperm quality
Shukrameha,5A14,Diabetes mellitus with polyuria
Shukrashmari,GB30.0,Calculus of seminal vesicle
Shukravrita Vata,GA20,Infertility due to male factor
Shushka Kasa,CA21.1,Dry cough
Shvitra,EB20,Vitiligo
Shvitra (Shwetakustha),EA80,Vitiligo
Shwas (general),CA40,Respiratory disease (asthma/COPD spectrum)
Shwasa,CA40,Bronchial asthma
Shwasa (Tamaka Shwasa),CA22,Asthma
Shwasa Krichra,CA22.1,Acute exacerbation of asthma
Shwasakrichha,CA22.2,Mild respiratory effort impairment
Shweta Pradara,LA12,Vaginal discharge syndrome
Shwetakushtha,EB20,Vitiligo
Shwitra,EA80.0,Vitiligo
Shwitra (vitiligo),EA80.0,Vitiligo
Sidhma,EA80.0,Non-specific dermatitis
Sleshmasmari,MB64.0,Bladder stone
Snayugata Vata,FA03,Tendinopathy
Stabdhata,8A20,Rigidity
Stana-granthi,GA61,Benign breast lump
Stana-shotha,GA62,Breast inflammation
Stana-vidradhi,GA63,Breast abscess
Stanaroga,GA60,Breast disorders
Stanya Dushti,GA33,Disorders of breast milk
Stanya Kshaya,JA00.1,Lactation failure
Stanya Vriddhi,JA00.2,Galactorrhoea
Sthaulya,5B81,Obesity
Suptata,8E01.0,Numbness of skin
Suryavarta,8A80,Migraine without aura
Swarabheda,CA32,Hoarseness of voice
Talapointa,EA92.2,Superficial fungal infection
Talusrava,CA06,Nasal discharge
Tama Pravesha,9B03.0,Visual blackout
Tamak Shwasa,CA23.1,Chronic bronchial asthma
Tamak Shwasa–Hridroga Overlap,BD24,Heart failure (mild)
Tamaka Shwasa,CA40.0,Allergic asthma
Tamaka Swasa,CA40.1,Allergic asthma
Tamapravesha,MB26.1,Severe dizziness with blackout
Tikshnagni,DA27.1,Excess digestive fire disorder
Tilakalaka,EC20.1,Benign melanocytic nevi
Tilakalikara,R21,Nonspecific skin eruption
Timira,9D70,Refractive error (unspecified)
Timira (Early Cataract),9B71.1,Age-related early lens opacity
Trishna,5B70,Polydipsia
Twak Daha,EA80.3,Skin irritation/burning
Twak Roga,EA80,General skin disorder
Twak Vikara,EA80.0,Non-specific dermatitis
Udaka Kshaya,GB00,Dehydration
Udakameha,5A22,Renal glycosuria
Udara,DB94,Ascites
Udara Meha,DA61,Chronic diarrhea
Udara Roga,MB41,Ascites
Udara Shoola,DD11.0,Acute abdominal pain
Udara Sthoulya,5B52,Obesity abdominal type
Udararoga,DD90.1,Generalized abdominal pain
Udararoga (ascites/abdominal swelling),DB96,Ascites / abdominal fluid (etiology-specific)
Udarda,T78.3,Urticaria
Udavarta,ME82.2,Functional constipation
Udavartini Yonivyapad,GA35,Dysmenorrhea
Udgarabaddhata,DA93,Eructation disorder
Udumbara Kushtha,EA80.0,Non-specific dermatitis
Unmada,6A20,Acute psychosis
Upadrava Prameha,5A15,Diabetic complications
Upakusha,DA07.1,Periodontitis
Urah Daha,CA00.2,Substernal burning
Urah Shoola,BA20.0,Chest wall pain
Urashula,BA40,Chest pain
Urdhva Shwasa,CB20,Respiratory distress (unspecified)
Urdhvaga Amlapitta,DA25.1,GERD with regurgitation
Urdhvaga Raktapitta,MB20.1,Hematemesis
Urdhwaga Amlapitta,DA63,Gastro-esophageal reflux disease
Urdhwaga Chhardi,DA22.0,Acute vomiting
Utklesha,DA61.2,Nausea
Utkshepa,8E01.2,Vertigo
Utthana Vatarakta,FA80.0,Acute gout flare
Vaksha Gata Roga,BA20.1,Non-cardiac chest pain
Valmika,NE83.0,Carbuncle
Vata Kantaka,ND92.1,Calcaneal spur
Vata Rakta,FA80,Chronic gout due to renal impairment
Vata Rakta Shopha,FA80.2,Gouty swelling
Vata Shoola,DA09.2,Nerve-related abdominal pain
Vata Shotha,MG30.2,Inflammatory edema
Vata Vriddhi,8D60,Neuromuscular imbalance
Vata Vyadhi,8E40,Peripheral neuropathy
Vataja Anaha,DA15.0,Functional bowel obstruction
Vataja Anidra,7B00.1,Difficulty initiating sleep
Vataja Annadrava Shoola,DA45.2,Crampy gastric pain
Vataja Apasmara,8E40.0,Generalized epilepsy
Vataja Arsha,MA02.0,Painful hemorrhoids
Vataja Artava-dushti,GA33.3,Irregular painful bleeding
Vataja Atisara,DA10.0,Watery diarrhea
Vataja Avasada,6A70.4,Anxious depression
Vataja Galaganda,5C73.1,Goiter with compressive symptoms
Vataja Grahani,DA41.1,IBS with constipation
Vataja Gulma,DD01.0,Spasmodic abdominal lump
Vataja Hikka,CA20.2,Spasmodic hiccups
Vataja Hridroga,BA80.1,Arrhythmia-type cardiac disorder
Vataja Jwara,MG30.0,Fever with chills
Vataja Kamala,DB10.3,Neuromuscular jaundice presentation
Vataja Kasa,CA23.0,Dry cough
Vataja Kushtha,EA80.3,Dry eczema
Vataja Mutraghata,MB21.0,Spasmodic urinary retention
Vataja Mutrakrichra,MB20.0,Dysuria with spasmodic pain
Vataja Pandu,3A70.0,Anemia with neurological fatigue pattern
Vataja Parinama Shoola,DA44.1,Ulcer with post-digestive pain
Vataja Prameha,5A10.2,Type 2 diabetes with neuropathic tendencies
Vataja Pratishaya,CA00.0,Acute viral rhinitis
Vataja Pratishyaya,CA01.0,Rhinitis – allergic type
Vataja Pravahika,DA64.3,Spasmodic dysentery
Vataja Shoola,DD90.0,Localized abdominal pain
Vataja Shotha,MG30.0,Non-inflammatory edema
Vataja Shwasa,CA40.0,Intermittent asthma
Vataja Timira (Dry Eye–Related),9B71.4,Evaporative dry eye
Vataja Udavarta,DA16.0,Spasmodic bowel reversal
Vataja Unmada,6A40.1,Acute agitation-type psychosis
Vataja Vidradhi,NG90,Painful swelling (unspecified)
Vataja Visuchika,1A07.3,Choleric pattern dehydration
Vataja Yonivyapad,GA30.0,Vaginal atrophy/spasm pattern
Vatarakta,FA80,Chronic gout
Vatarakta Vriddhi,FA80,Chronic gout
Vatashmari,MB64.4,Obstructive uropathy
Vepathu,8A05,Tremor
Vicharchika,EA80.2,Atopic dermatitis
Vidbandha,DA93,Functional constipation
Vidradhi,1F90,Abscess
Vidradhi (Internal Abscess),1B51,Intra-abdominal abscess
Vidradhi (Skin Abscess),1F02,Cutaneous abscess
Visarpa,1C13,Erysipelas
Visarpaka,1F03,Erysipelas
Vishama Jwara,1A00.5,Intermittent fever
Vishamajwara (Intermittent Fever),1F00.1,Intermittent febrile illness
Vishwachi,FA80.2,Gouty arthropathy
Visuchika,1A07,Acute food-borne infection
Vrana,EA30,Open wound
Vrana (ulcer/wound),1C60,Chronic ulcer of skin
Vrana Shotha,BD40.1,Generalized edema/inflammation
Vranarakta,MG50.2,Hemorrhagic wound
Vranashotha,1B90,Cellulitis
Vrishana Shotha,ND01,Scrotal swelling
Vyadhi Kshata,1B90.0,Traumatic skin ulcer
Vyanga,EC20,Melasma
Yakrit Pleehodara,DB90,Hepatosplenomegaly
Yakrit Pliha Vriddhi,DB93,Enlargement of liver and spleen
Yakrit Shotha,DB90,Hepatitis (unspecified)
Yakrit Vikara,DB92,Hepatitis unspecified
Yakrit Vriddhi,DB92,Hepatomegaly
Yakrut Shotra,FB50.1,Alcoholic fatty liver
Yakrutodara,DB94.1,Hepatic ascites
Yakrutvikara,FB50.0,Fatty liver
Yakrutvriddhi,DB90,Hepatomegaly
Yoni Daha,GA10,Vaginal burning
Yoni Kandu,GA10.1,Vaginal pruritus
Yonidaha,QA42.2,Vaginal burning
Yoniroga,MS20,Vaginitis
Yonivyapad,NE82.1,Female pelvic inflammatory disease
Yonivyapad (Karnini),QA42.1,Vaginal cyst
